{
  "nums": [1,2,3,4,2,3,1,4,2],
  "k": 3,
  "output": [2.00000,3.00000,3.00000,3.00000,2.00000,3.00000,2.00000]
}
