{
  "nums": [-2147483648,-2147483648,2147483647,-2147483648,-2147483648,-2147483648,2147483647,2147483647,2147483647,2147483647,-2147483648,2147483647,-2147483648],
  "k": 3,
  "output": [-2147483648.00000,-2147483648.00000,-2147483648.00000,-2147483648.00000,-2147483648.00000,2147483647.00000,2147483647.00000,2147483647.00000,2147483647.00000,2147483647.00000,-2147483648.00000]
}
