{
  "nums": [1,3,-1,-3,5,3,6,7],
  "k": 3,
  "output": [1.00000,-1.00000,-1.00000,3.00000,5.00000,6.00000]
}
