{
  "root": [3,9,20,null,null,15,7],
  "output": [3.00000,14.50000,11.00000]
}
